Latitude,Longitude,Umidade,pH,Temperatura,Nitrogênio,Fósforo,Potássio,Data e Hora
-27.214997,-51.53208,34.850085,3.977423,-28.046765,17.282371,73.62587,67.983381,2023-01-01 00:00:00
-27.200832,-51.501466,29.281416,9.237981,-22.329005,85.231561,40.977254,60.761719,2023-01-01 01:00:00
-27.153459,-51.466502,2.816895,10.039553,37.79112,14.088939,5.442423,4.506432,2023-01-01 02:00:00
-27.136171,-51.536788,41.835302,0.894687,-42.081856,66.020847,49.794454,94.402518,2023-01-01 03:00:00
-27.172038,-51.497383,17.070104,3.670454,15.774624,20.388662,79.075744,72.878246,2023-01-01 04:00:00
-27.165107,-51.501953,89.397701,4.245337,48.022183,50.309134,7.148415,83.870854,2023-01-01 05:00:00
-27.214085,-51.513815,58.897696,13.138049,-30.686333,87.992974,27.019554,7.660079,2023-01-01 06:00:00
-27.216984,-51.521399,32.951556,8.643789,-6.019232,36.574069,11.244378,37.339964,2023-01-01 07:00:00
-27.129028,-51.49037,19.826466,1.972996,23.620184,19.455025,16.357567,43.382848,2023-01-01 08:00:00
-27.170345,-51.546341,11.47757,10.721463,-15.349922,34.23657,78.124191,63.680604,2023-01-01 09:00:00
-27.203882,-51.528482,67.086593,1.215544,11.369417,78.689624,98.364608,77.622195,2023-01-01 10:00:00
-27.173759,-51.492593,79.068782,9.414285,47.485645,0.466133,51.831323,97.740753,2023-01-01 11:00:00
-27.20566,-51.504312,22.003026,11.035742,49.534523,5.312847,11.697296,19.392932,2023-01-01 12:00:00
-27.197943,-51.520204,0.839843,11.312185,23.835831,90.906371,1.862128,8.886128,2023-01-01 13:00:00
-27.133372,-51.472738,86.169834,10.741204,35.164194,35.63864,36.833851,80.657195,2023-01-01 14:00:00
-27.181285,-51.540389,35.616142,8.396586,-37.21877,55.902488,34.880487,63.808321,2023-01-01 15:00:00
-27.140788,-51.512784,51.161985,8.710842,-11.727593,25.525889,96.842704,92.088758,2023-01-01 16:00:00
-27.18236,-51.541151,95.735243,13.794023,3.771335,68.171093,98.307393,12.915121,2023-01-01 17:00:00
-27.212745,-51.537117,60.458674,4.315389,-43.667806,32.101741,2.129371,45.38448,2023-01-01 18:00:00
-27.196714,-51.531825,1.766073,9.377312,-28.046066,13.821845,30.599438,5.495319,2023-01-01 19:00:00
-27.157276,-51.552397,78.540241,0.670667,-24.25997,66.342017,84.654274,38.545437,2023-01-01 20:00:00
-27.151367,-51.476727,89.757012,8.973298,-34.600038,12.538049,15.074933,91.379721,2023-01-01 21:00:00
-27.167418,-51.471412,23.627403,7.322189,-26.306793,7.558488,69.916379,54.721685,2023-01-01 22:00:00
-27.141719,-51.476552,69.234756,11.734163,18.470959,25.361232,7.226185,13.098314,2023-01-01 23:00:00
-27.151011,-51.495495,86.682071,0.714646,34.291399,83.057625,9.089266,26.621137,2023-01-02 00:00:00
-27.154012,-51.467631,3.679495,13.195621,36.850723,18.43025,5.236394,7.774107,2023-01-02 01:00:00
-27.197098,-51.471503,41.661594,8.480418,37.685,26.753076,0.910482,80.329842,2023-01-02 02:00:00
-27.215316,-51.521535,48.849972,13.027685,-12.504607,9.459985,27.736448,59.549889,2023-01-02 03:00:00
-27.149778,-51.547885,45.335348,1.309835,3.900315,19.035729,10.957673,74.164587,2023-01-02 04:00:00
-27.146683,-51.465875,94.290964,9.925546,10.747891,27.120155,44.932263,44.155146,2023-01-02 05:00:00
-27.204501,-51.492759,64.283138,6.006914,-23.452608,74.672737,61.63656,7.162715,2023-01-02 06:00:00
-27.134721,-51.544616,62.831772,4.547813,-1.170644,43.924273,75.949457,42.270835,2023-01-02 07:00:00
-27.215365,-51.554861,11.523755,11.179294,22.506342,80.285948,53.760268,82.468448,2023-01-02 08:00:00
-27.214523,-51.48208,43.465668,9.722351,10.496419,56.626787,19.926344,90.033595,2023-01-02 09:00:00
-27.173307,-51.535496,57.105074,10.298138,37.409966,59.963395,44.167292,73.950938,2023-01-02 10:00:00
-27.165722,-51.474913,50.493677,6.794096,20.003385,32.14309,40.807133,51.359379,2023-01-02 11:00:00
-27.186695,-51.53292,55.530444,11.100561,-8.093394,29.579338,98.739121,33.933117,2023-01-02 12:00:00
-27.209002,-51.476539,86.801779,4.175631,34.324077,50.775836,39.531718,84.951265,2023-01-02 13:00:00
-27.198254,-51.476532,9.000791,12.870313,14.303149,33.629856,84.165372,66.483121,2023-01-02 14:00:00
-27.141899,-51.515031,44.291277,13.311957,11.634349,25.278685,62.198133,54.812233,2023-01-02 15:00:00
-27.144453,-51.470436,62.155494,0.014201,1.523653,47.903482,40.952853,65.73141,2023-01-02 16:00:00
-27.134531,-51.519988,92.935116,8.474079,11.259884,45.657591,37.764408,26.064344,2023-01-02 17:00:00
-27.212231,-51.517303,66.935932,13.146192,19.33985,29.986601,85.62099,15.012043,2023-01-02 18:00:00
-27.178654,-51.538887,27.225097,2.622691,34.587731,36.287894,40.223685,45.389875,2023-01-02 19:00:00
-27.167024,-51.492597,26.03729,4.95757,-0.083898,47.379265,99.776777,43.771184,2023-01-02 20:00:00
-27.139099,-51.54624,7.516211,5.372296,-7.331091,81.420643,82.948491,75.945322,2023-01-02 21:00:00
-27.181116,-51.540464,3.238176,1.991796,47.653318,95.691375,30.23561,4.566487,2023-01-02 22:00:00
-27.141694,-51.474631,85.348688,3.627385,-28.220635,28.110139,11.880132,63.338262,2023-01-02 23:00:00
-27.131886,-51.508752,35.962767,13.54453,38.200754,77.647071,8.778355,22.696618,2023-01-03 00:00:00
-27.212958,-51.481146,47.285578,12.381247,-10.14435,64.032536,57.994893,7.393937,2023-01-03 01:00:00
-27.139943,-51.523234,78.385752,7.89184,44.220868,30.76959,81.392588,8.538332,2023-01-03 02:00:00
-27.130155,-51.468456,35.009969,6.994871,-30.246352,98.209815,60.362873,5.400606,2023-01-03 03:00:00
-27.157998,-51.473223,79.433089,8.109395,11.770137,24.332587,69.460308,27.90119,2023-01-03 04:00:00
-27.185511,-51.531361,17.240234,10.063389,-35.195933,4.838587,6.472039,93.736278,2023-01-03 05:00:00
-27.147304,-51.51574,71.961064,7.214249,7.594282,61.036952,35.909236,50.287488,2023-01-03 06:00:00
-27.17806,-51.47598,74.121718,6.015514,13.547291,9.358182,99.845525,82.247264,2023-01-03 07:00:00
-27.1678,-51.535426,41.951723,2.164686,-48.449241,54.359634,63.705762,18.264732,2023-01-03 08:00:00
-27.169449,-51.467686,16.512197,9.598661,41.789551,72.788693,13.207825,67.573539,2023-01-03 09:00:00
-27.14351,-51.478801,46.393363,5.415814,11.765095,30.794906,24.289072,76.89047,2023-01-03 10:00:00
-27.132844,-51.499102,71.614449,8.382083,-24.697863,95.919909,24.13186,79.256919,2023-01-03 11:00:00
-27.1384,-51.489678,13.052285,12.915173,19.377437,22.123886,26.312888,84.443622,2023-01-03 12:00:00
-27.15205,-51.499098,62.218166,2.062885,11.606145,60.161768,79.39579,91.321907,2023-01-03 13:00:00
-27.213819,-51.548462,83.882228,5.420931,7.110588,43.744219,97.597775,16.960224,2023-01-03 14:00:00
-27.143696,-51.500646,76.158008,5.109534,-26.054556,24.656417,36.638561,21.359079,2023-01-03 15:00:00
-27.181214,-51.501494,78.483405,9.387282,-29.391031,65.528417,42.384672,5.357534,2023-01-03 16:00:00
-27.191126,-51.482025,41.061571,5.92453,-16.021998,37.951781,34.515327,54.915334,2023-01-03 17:00:00
-27.140585,-51.468162,30.487932,1.550415,-49.140436,36.258293,44.067072,28.482485,2023-01-03 18:00:00
-27.182444,-51.502632,63.004735,10.373733,-23.686955,86.676844,77.165505,78.614641,2023-01-03 19:00:00
-27.153732,-51.551514,12.141929,10.165666,-20.916467,91.350332,48.810127,99.944059,2023-01-03 20:00:00
-27.178072,-51.488532,2.263302,5.644795,21.215647,8.488344,56.435282,82.518955,2023-01-03 21:00:00
-27.179017,-51.550048,63.449508,5.938398,-25.898298,0.019094,68.635853,19.232,2023-01-03 22:00:00
-27.147462,-51.552977,62.999285,11.99983,-14.134692,12.929697,19.145482,12.250885,2023-01-03 23:00:00
-27.20319,-51.529197,90.407436,0.062781,14.130188,49.311191,73.174162,21.646056,2023-01-04 00:00:00
-27.133691,-51.466513,24.913566,0.563904,7.989575,14.659753,35.333188,78.422457,2023-01-04 01:00:00
-27.214297,-51.508363,69.566329,12.365221,-21.857479,45.559212,69.59871,75.332048,2023-01-04 02:00:00
-27.17137,-51.508457,45.779549,0.701639,36.039173,13.660518,21.492448,90.672959,2023-01-04 03:00:00
-27.189441,-51.511629,78.12813,13.259955,23.938395,56.330156,52.678394,63.151593,2023-01-04 04:00:00
-27.146763,-51.53758,54.53678,6.762188,48.96067,99.256891,0.389921,55.549312,2023-01-04 05:00:00
-27.146042,-51.497006,89.899308,6.520841,41.622753,71.408068,24.919992,88.09,2023-01-04 06:00:00
-27.136044,-51.52138,92.508501,5.632475,35.877812,20.719315,85.940055,8.513117,2023-01-04 07:00:00
-27.187336,-51.496966,16.167066,1.297138,29.370097,39.4613,21.360789,3.348259,2023-01-04 08:00:00
-27.185778,-51.54046,96.77883,8.942983,3.218886,20.756942,35.88353,26.422951,2023-01-04 09:00:00
-27.178241,-51.509368,20.033432,13.671419,48.515762,91.885951,64.781946,50.026032,2023-01-04 10:00:00
-27.187874,-51.527724,68.936103,1.725137,-29.725374,14.546039,77.491965,43.906326,2023-01-04 11:00:00
-27.150034,-51.499895,44.021095,13.172612,42.353911,92.694397,1.847656,37.470974,2023-01-04 12:00:00
-27.186359,-51.516283,30.932369,5.606178,-38.587117,21.88825,79.794521,29.641171,2023-01-04 13:00:00
-27.169536,-51.526943,10.552072,9.168895,46.03753,37.120977,74.414155,15.769266,2023-01-04 14:00:00
-27.134014,-51.499539,40.574966,1.350462,-17.273115,11.777994,29.972702,93.565932,2023-01-04 15:00:00
-27.168291,-51.537718,19.431303,1.291264,39.576411,85.76218,89.009225,75.502804,2023-01-04 16:00:00
-27.135322,-51.532243,94.483302,13.793275,-26.556856,95.986648,48.382021,29.700071,2023-01-04 17:00:00
-27.205077,-51.54938,64.349469,5.43915,24.268998,99.142348,73.146612,14.702456,2023-01-04 18:00:00
-27.158065,-51.483959,82.075285,1.443535,-21.762408,62.742521,31.980172,45.225541,2023-01-04 19:00:00
-27.194293,-51.489651,87.348617,12.152458,27.513539,9.817291,94.666958,16.567394,2023-01-04 20:00:00
-27.182966,-51.476992,13.889893,11.854165,-36.519173,89.754724,0.224763,24.914325,2023-01-04 21:00:00
-27.173149,-51.54726,49.00454,5.106217,-1.613156,97.89943,25.178889,6.315147,2023-01-04 22:00:00
-27.140087,-51.496957,54.141297,8.113633,-49.692023,19.314204,70.894447,87.119555,2023-01-04 23:00:00
-27.198136,-51.507077,80.833088,1.37477,-5.981334,87.338324,69.060855,91.906553,2023-01-05 00:00:00
-27.216298,-51.500299,95.006164,5.493179,23.79501,54.761558,19.075088,38.227529,2023-01-05 01:00:00
-27.144324,-51.473748,71.656512,10.949064,-36.878906,48.813891,73.640628,50.855602,2023-01-05 02:00:00
-27.140691,-51.541306,92.313535,8.069962,22.24061,17.7753,84.959435,86.160029,2023-01-05 03:00:00
-27.138285,-51.520947,70.326418,0.103281,-38.891685,35.91845,0.049889,81.847976,2023-01-05 04:00:00
-27.171285,-51.474718,36.173112,13.624147,20.802703,48.293207,53.738581,27.200547,2023-01-05 05:00:00
-27.208117,-51.483862,28.06063,9.16909,-18.201425,91.853892,2.28299,8.275582,2023-01-05 06:00:00
-27.188413,-51.506459,36.116125,9.611996,13.11192,8.196925,76.767195,33.11476,2023-01-05 07:00:00
-27.12839,-51.540802,52.301241,3.764059,-33.069025,84.673171,60.900647,83.180439,2023-01-05 08:00:00
-27.14411,-51.488787,46.125349,10.518836,47.992412,35.787232,78.183415,40.769894,2023-01-05 09:00:00
-27.177926,-51.471559,45.412549,11.423972,-42.11962,47.59804,17.171492,22.623305,2023-01-05 10:00:00
-27.170932,-51.524147,12.69135,13.450214,-13.999602,86.87617,80.649946,49.967288,2023-01-05 11:00:00
-27.167822,-51.470609,54.160721,8.791402,-22.250109,95.448328,41.864913,78.793587,2023-01-05 12:00:00
-27.207129,-51.530742,82.421927,11.522096,-0.034781,38.29096,67.059483,5.846704,2023-01-05 13:00:00
-27.189523,-51.467883,19.747117,12.356018,12.480915,10.335336,58.264397,50.114711,2023-01-05 14:00:00
-27.139327,-51.528475,71.206189,12.363741,40.384056,77.556273,38.481688,51.50548,2023-01-05 15:00:00
-27.142245,-51.48029,61.437688,5.871072,-2.21845,81.411881,17.375567,39.492062,2023-01-05 16:00:00
-27.176648,-51.525618,12.387839,2.921677,36.094579,78.494123,91.291445,10.620291,2023-01-05 17:00:00
-27.129925,-51.478134,79.547278,3.478899,44.719864,50.117327,56.603215,84.353433,2023-01-05 18:00:00
-27.207243,-51.502842,60.585939,7.482938,24.284917,37.397455,60.831669,30.046392,2023-01-05 19:00:00
-27.128578,-51.523205,23.804486,0.989799,42.475488,59.925751,61.991864,61.493099,2023-01-05 20:00:00
-27.190172,-51.53733,95.538085,7.454592,6.86538,9.992507,25.893108,53.27189,2023-01-05 21:00:00
-27.170821,-51.532039,42.927082,7.507842,22.961787,1.340148,34.552187,4.528442,2023-01-05 22:00:00
-27.142867,-51.514656,58.111335,1.084694,44.966016,12.342451,83.189651,76.114848,2023-01-05 23:00:00
-27.141564,-51.541815,10.84344,4.284293,-41.721833,41.095752,42.983027,95.012153,2023-01-06 00:00:00
-27.199069,-51.514969,30.797282,12.297768,32.457186,58.879431,32.785183,82.537031,2023-01-06 01:00:00
-27.150501,-51.523557,44.756363,5.172425,13.705769,96.806904,66.913428,68.773172,2023-01-06 02:00:00
-27.16349,-51.514278,10.324784,10.408073,15.078022,58.353843,51.504452,46.081032,2023-01-06 03:00:00
-27.135464,-51.546471,75.802322,13.004712,-33.882386,40.363618,14.587814,29.839766,2023-01-06 04:00:00
-27.154572,-51.546404,84.264638,11.833278,-25.755005,85.321109,67.515875,17.702366,2023-01-06 05:00:00
-27.15025,-51.504759,41.931014,8.793426,-5.828196,66.21883,60.27587,33.240025,2023-01-06 06:00:00
-27.134707,-51.510186,3.353903,1.17355,41.147495,99.156782,26.846997,97.365403,2023-01-06 07:00:00
-27.20763,-51.489359,0.263625,1.478506,-37.310481,92.13793,88.057547,59.764975,2023-01-06 08:00:00
-27.205159,-51.475358,78.66561,9.08161,35.09467,49.784756,60.811702,33.198549,2023-01-06 09:00:00
-27.182203,-51.472571,31.840885,9.055609,21.759947,36.013401,56.25993,60.582424,2023-01-06 10:00:00
-27.203071,-51.521879,8.196182,1.956291,-19.24815,61.646788,56.229804,70.745801,2023-01-06 11:00:00
-27.19828,-51.53173,51.438569,3.851351,39.051756,25.784427,39.63292,30.333099,2023-01-06 12:00:00
-27.197511,-51.515389,17.604106,8.487353,33.312805,59.749077,91.177825,71.916484,2023-01-06 13:00:00
-27.144793,-51.486744,48.882164,8.414673,-4.776835,27.962501,19.719273,50.212131,2023-01-06 14:00:00
-27.196911,-51.525217,58.119827,6.614012,44.221835,19.492743,5.122082,82.450114,2023-01-06 15:00:00
-27.131113,-51.530495,49.210839,3.620412,-46.450747,2.980308,83.154563,78.32218,2023-01-06 16:00:00
-27.150081,-51.496419,41.290527,5.96466,38.78881,45.87576,48.214057,31.084734,2023-01-06 17:00:00
-27.159491,-51.48534,77.479847,13.381431,3.372632,0.20282,56.442177,88.751138,2023-01-06 18:00:00
-27.211276,-51.465984,21.704352,12.271702,17.959579,87.155322,91.340743,9.41136,2023-01-06 19:00:00
-27.20823,-51.513951,63.596325,3.754927,7.261623,91.786026,20.99512,34.057268,2023-01-06 20:00:00
-27.133196,-51.465841,36.872553,5.317161,-17.367188,99.266498,21.432724,83.759182,2023-01-06 21:00:00
-27.196811,-51.473018,52.391689,2.230348,-38.930614,54.859169,56.689611,34.927303,2023-01-06 22:00:00
-27.214774,-51.516493,45.42558,1.110902,34.341965,38.2424,71.213046,99.827904,2023-01-06 23:00:00
-27.152432,-51.476559,50.368365,2.008998,38.383757,83.193327,63.767294,23.933021,2023-01-07 00:00:00
-27.212286,-51.493594,56.841175,2.295198,-15.754407,94.421445,52.703742,75.41439,2023-01-07 01:00:00
-27.142251,-51.497649,26.660603,4.967079,3.327287,56.138356,63.293196,38.83497,2023-01-07 02:00:00
-27.152927,-51.521622,68.381871,11.361392,2.601011,69.043488,29.690386,23.567087,2023-01-07 03:00:00
-27.185027,-51.484565,4.617039,9.187017,-10.830386,79.629009,20.644558,35.119274,2023-01-07 04:00:00
-27.181938,-51.492672,73.487555,7.226612,-25.75193,53.922176,31.340807,30.317311,2023-01-07 05:00:00
-27.134869,-51.493249,70.188998,5.684081,38.876272,33.169675,66.558251,65.004234,2023-01-07 06:00:00
-27.189737,-51.546864,8.058165,6.915749,-10.288543,33.573616,53.169309,94.612514,2023-01-07 07:00:00
-27.166676,-51.52266,64.407826,1.721899,-12.096935,1.703955,83.867005,11.050955,2023-01-07 08:00:00
-27.133899,-51.529515,0.659592,4.661445,35.608408,35.972327,61.841702,99.303068,2023-01-07 09:00:00
-27.154688,-51.526921,43.655812,4.016056,-0.519444,33.155665,53.637048,34.916699,2023-01-07 10:00:00
-27.128958,-51.482693,69.006676,0.52681,-11.183153,63.09588,49.181676,75.157875,2023-01-07 11:00:00
-27.164186,-51.549909,67.675403,3.800957,23.019573,83.826193,39.808558,39.566908,2023-01-07 12:00:00
-27.205085,-51.474325,32.806239,7.665292,18.934447,28.126529,92.258228,0.414218,2023-01-07 13:00:00
-27.140409,-51.520924,41.275969,12.035222,-22.722049,32.610238,9.886517,45.633359,2023-01-07 14:00:00
-27.192213,-51.480487,16.507255,8.023714,43.172297,70.946386,24.168165,56.767242,2023-01-07 15:00:00
-27.178601,-51.490075,83.009801,13.988703,12.284675,70.542946,68.816087,71.530307,2023-01-07 16:00:00
-27.134404,-51.530896,77.223319,1.932053,-47.957083,8.840188,49.807175,29.047249,2023-01-07 17:00:00
-27.182814,-51.546765,52.437349,13.807059,31.815846,77.147601,27.009263,33.463027,2023-01-07 18:00:00
-27.15184,-51.494209,29.201003,13.563308,1.921595,79.472946,74.358744,27.587157,2023-01-07 19:00:00
-27.200657,-51.520571,47.192855,0.370447,-30.384598,15.280223,81.899075,78.116427,2023-01-07 20:00:00
-27.143092,-51.552042,23.692564,0.815899,29.229102,40.441535,78.47982,21.439699,2023-01-07 21:00:00
-27.163406,-51.507492,61.079221,4.416327,21.751389,58.40028,61.445715,19.74013,2023-01-07 22:00:00
-27.161744,-51.4658,96.586903,9.665491,1.49542,4.53268,15.996133,0.612741,2023-01-07 23:00:00
-27.141308,-51.473023,60.797804,8.4113,33.381046,99.028712,0.220976,88.341756,2023-01-08 00:00:00
-27.157601,-51.507674,53.041063,10.319928,32.409585,27.335282,50.544897,6.141465,2023-01-08 01:00:00
-27.158063,-51.531929,32.187058,13.596099,37.249764,32.769985,51.270822,88.031551,2023-01-08 02:00:00
-27.215866,-51.520729,29.069363,13.200042,-18.689449,80.251985,44.106203,97.087403,2023-01-08 03:00:00
-27.13567,-51.546615,60.309267,11.337833,-42.354725,91.133018,20.294662,83.06145,2023-01-08 04:00:00
-27.200219,-51.500234,68.514705,13.671948,-49.262892,31.12765,8.010489,86.188062,2023-01-08 05:00:00
-27.146381,-51.524038,74.156371,11.68671,-16.498138,21.413649,64.876359,5.537575,2023-01-08 06:00:00
-27.194984,-51.55445,30.721927,4.942193,9.283453,66.678534,19.58395,14.653849,2023-01-08 07:00:00
-27.205781,-51.510224,42.617031,8.959846,-4.256173,4.018091,15.617647,29.228549,2023-01-08 08:00:00
-27.19071,-51.483735,97.82004,0.968133,-1.756667,23.7959,35.574855,7.077335,2023-01-08 09:00:00
-27.178199,-51.465935,48.723276,13.921378,1.166634,99.014888,54.23652,87.490976,2023-01-08 10:00:00
-27.205453,-51.539921,78.580282,12.195921,3.326743,90.532324,2.979367,50.849324,2023-01-08 11:00:00
-27.204723,-51.47513,32.28582,10.451811,16.413546,43.402778,58.225677,81.27163,2023-01-08 12:00:00
-27.142367,-51.543882,93.392052,1.664894,-4.490025,17.05568,24.869054,16.627963,2023-01-08 13:00:00
-27.203148,-51.551491,65.155418,7.941054,-46.246536,52.905395,18.019341,56.771718,2023-01-08 14:00:00
-27.187219,-51.470813,4.113073,8.376154,-38.11456,28.037355,40.592189,32.031821,2023-01-08 15:00:00
-27.13757,-51.523416,52.403508,10.034568,27.418854,64.634141,24.871957,60.956234,2023-01-08 16:00:00
-27.204049,-51.536869,65.162856,2.378318,30.727641,87.645196,1.963808,96.756082,2023-01-08 17:00:00
-27.154546,-51.506908,39.592879,13.945512,48.510367,63.487373,51.143054,62.376164,2023-01-08 18:00:00
-27.201533,-51.529362,56.394741,12.212893,-15.758342,63.782222,77.47171,63.261907,2023-01-08 19:00:00
-27.20216,-51.520737,97.164072,12.835054,49.921115,75.886344,84.788525,3.464962,2023-01-08 20:00:00
-27.201608,-51.54642,65.995145,10.468936,-5.466489,77.758165,21.931529,59.486857,2023-01-08 21:00:00
-27.189987,-51.551507,38.327783,5.433837,-47.69002,15.996131,38.604798,36.598163,2023-01-08 22:00:00
-27.18761,-51.474737,11.875361,2.396286,-10.063192,2.251107,25.466039,92.639426,2023-01-08 23:00:00
-27.156902,-51.542684,81.899606,3.188675,13.874888,26.234443,74.115094,71.614429,2023-01-09 00:00:00
-27.157582,-51.540029,35.209094,2.251247,3.025244,31.531595,68.168834,24.861419,2023-01-09 01:00:00
-27.208316,-51.554162,61.309163,5.935153,30.656187,41.098712,19.044762,7.72135,2023-01-09 02:00:00
-27.161811,-51.545476,14.267336,2.703098,36.31704,16.745439,50.710403,9.961735,2023-01-09 03:00:00
-27.14736,-51.521671,44.31345,4.300667,45.556429,54.739355,24.17144,81.026482,2023-01-09 04:00:00
-27.169693,-51.544874,94.014153,2.890807,-22.174317,3.840039,63.645874,38.16827,2023-01-09 05:00:00
-27.167714,-51.512567,5.024478,11.863343,11.71227,38.208394,55.471075,31.325671,2023-01-09 06:00:00
-27.139732,-51.478156,80.808083,8.8277,-39.089545,47.565821,0.822429,42.106297,2023-01-09 07:00:00
-27.185468,-51.521164,49.045384,2.36044,-47.605611,94.047317,89.537068,50.722133,2023-01-09 08:00:00
-27.191673,-51.530805,15.970824,10.588373,28.859273,38.306221,22.50454,78.66287,2023-01-09 09:00:00
-27.177694,-51.551988,94.944108,13.082006,-28.636465,60.511193,42.439255,39.195002,2023-01-09 10:00:00
-27.133044,-51.471414,24.630382,2.077786,-0.387297,33.26436,71.073068,84.652728,2023-01-09 11:00:00
-27.14509,-51.479384,29.066125,6.448496,36.769432,38.740854,46.12831,28.756694,2023-01-09 12:00:00
-27.196545,-51.516088,98.187466,10.694428,-33.236815,39.438505,61.849726,78.118182,2023-01-09 13:00:00
-27.1927,-51.527627,68.267195,8.070256,28.10565,87.986204,21.928768,79.976901,2023-01-09 14:00:00
-27.133893,-51.543465,91.901868,11.157947,8.747053,8.521361,77.322913,65.288144,2023-01-09 15:00:00
-27.140221,-51.520442,5.051479,5.04279,8.66216,24.846875,83.854574,95.521937,2023-01-09 16:00:00
-27.141291,-51.491356,45.207948,12.331603,-19.079897,26.48832,79.70407,20.348402,2023-01-09 17:00:00
-27.187016,-51.526271,22.214442,8.54283,-49.489256,90.622614,21.36325,33.533721,2023-01-09 18:00:00
-27.152161,-51.511629,77.036745,7.224901,-6.950367,31.348426,71.292862,6.519179,2023-01-09 19:00:00
-27.131309,-51.540878,57.426013,8.033493,23.515397,72.179716,75.469062,45.021831,2023-01-09 20:00:00
-27.146414,-51.4857,70.320142,5.884657,6.903354,29.170485,86.401696,29.130781,2023-01-09 21:00:00
-27.189633,-51.484498,95.486292,7.902921,42.537918,69.214239,57.696746,31.012099,2023-01-09 22:00:00
-27.197755,-51.475114,52.161426,3.107355,-24.738737,78.396955,37.714396,52.962857,2023-01-09 23:00:00
-27.20592,-51.538767,24.994476,10.664461,35.025593,37.599835,34.226907,80.723471,2023-01-10 00:00:00
-27.154354,-51.541323,53.07323,4.330766,26.507436,8.091593,41.469286,53.345314,2023-01-10 01:00:00
-27.158846,-51.525493,86.253444,8.828442,44.550344,50.551334,32.855451,32.513322,2023-01-10 02:00:00
-27.132067,-51.527651,61.490265,9.243062,16.364595,58.312715,50.793075,4.929913,2023-01-10 03:00:00
-27.151466,-51.479065,32.818146,5.051428,12.994781,6.642717,2.287771,91.158201,2023-01-10 04:00:00
-27.168887,-51.520947,89.206157,7.11989,25.665612,20.429501,3.981989,70.768747,2023-01-10 05:00:00
-27.179827,-51.511742,53.991398,3.559396,40.91114,15.411509,50.898753,51.028946,2023-01-10 06:00:00
-27.152521,-51.548012,62.84057,11.170146,33.777436,26.386427,1.969397,66.648663,2023-01-10 07:00:00
-27.137572,-51.487471,87.58814,13.209896,17.58423,50.552516,94.29292,27.646283,2023-01-10 08:00:00
-27.194089,-51.521842,55.676663,12.53312,-1.519836,27.943923,47.994961,46.041997,2023-01-10 09:00:00
-27.20722,-51.537948,88.837735,10.281985,38.043067,25.617488,38.465282,29.023873,2023-01-10 10:00:00
-27.147645,-51.53143,17.695873,10.464759,32.485623,0.590033,59.153499,46.652977,2023-01-10 11:00:00
-27.18032,-51.481878,4.003393,7.795146,-14.690977,11.961506,23.275093,90.154182,2023-01-10 12:00:00
-27.15703,-51.514441,38.779543,6.986477,-16.662341,44.529325,18.256463,90.694184,2023-01-10 13:00:00
-27.194476,-51.542579,81.021765,9.00599,-11.656498,50.692923,72.398744,83.889245,2023-01-10 14:00:00
-27.185628,-51.481306,18.080872,9.73954,-29.348484,97.530123,1.718896,6.592879,2023-01-10 15:00:00
-27.202116,-51.551893,88.926539,11.483187,-45.848053,64.831652,16.533691,28.591734,2023-01-10 16:00:00
-27.171556,-51.510545,66.062618,7.128804,40.288436,2.763328,45.998076,34.723907,2023-01-10 17:00:00
-27.155997,-51.503235,41.558949,6.295762,-18.09517,29.724677,13.250378,76.625798,2023-01-10 18:00:00
-27.203702,-51.524121,81.248794,2.784391,-8.710291,99.929983,84.21004,88.284313,2023-01-10 19:00:00
-27.20025,-51.484338,21.146266,12.174912,-31.556544,63.405491,25.04541,91.929099,2023-01-10 20:00:00
-27.2092,-51.500199,87.911715,6.267455,-1.889576,41.102639,82.399028,28.553296,2023-01-10 21:00:00
-27.145198,-51.498551,3.998206,9.774472,-36.80977,33.912491,56.474578,44.039505,2023-01-10 22:00:00
-27.190543,-51.506392,2.744546,0.771392,8.793176,96.638376,30.128329,78.526896,2023-01-10 23:00:00
-27.1433,-51.501129,87.659776,6.555784,11.929029,2.592687,47.302316,3.337075,2023-01-11 00:00:00
-27.203268,-51.490857,27.238721,8.872007,40.839304,5.053389,7.531165,85.815231,2023-01-11 01:00:00
-27.167531,-51.528002,26.665003,13.234706,10.395902,97.332294,85.438833,63.033432,2023-01-11 02:00:00
-27.188316,-51.483874,72.568354,9.338427,12.240802,9.094727,70.055216,72.19801,2023-01-11 03:00:00
-27.19553,-51.507963,51.845086,5.218304,-12.077837,10.933611,75.814423,70.101717,2023-01-11 04:00:00
-27.179339,-51.548844,98.865945,3.406098,-26.568879,94.348232,10.678209,98.343521,2023-01-11 05:00:00
-27.181315,-51.552632,22.534699,10.151814,2.285283,97.284156,5.724193,76.952014,2023-01-11 06:00:00
-27.12878,-51.542527,82.625611,0.304963,34.640302,77.818055,61.144911,33.355407,2023-01-11 07:00:00
-27.163143,-51.506836,51.11226,2.512058,-34.787872,7.05496,10.514812,14.5671,2023-01-11 08:00:00
-27.202141,-51.532786,47.319836,11.916336,-18.982256,19.634434,1.134249,97.799217,2023-01-11 09:00:00
-27.146718,-51.550317,27.894201,8.215087,7.041225,73.310133,40.46598,40.836446,2023-01-11 10:00:00
-27.173715,-51.539522,39.922542,0.018312,-17.232807,89.29987,94.515362,46.464755,2023-01-11 11:00:00
-27.12934,-51.503418,98.668426,8.114223,-49.68856,37.203887,73.707112,20.876515,2023-01-11 12:00:00
-27.215987,-51.554677,99.846951,2.393032,-20.015687,36.35652,88.169777,28.86955,2023-01-11 13:00:00
-27.155542,-51.542846,50.101281,6.459508,4.176413,9.124476,21.037068,74.901904,2023-01-11 14:00:00
-27.154216,-51.49418,17.399898,0.601683,32.468472,4.553216,33.792875,91.800771,2023-01-11 15:00:00
-27.176469,-51.508344,61.837356,7.063399,7.351858,38.044605,39.003537,62.758337,2023-01-11 16:00:00
-27.158795,-51.468811,69.196128,8.226922,-37.555256,78.152583,83.437552,61.15957,2023-01-11 17:00:00
-27.135274,-51.537752,23.528911,13.122828,-38.060705,16.085405,23.814314,41.432407,2023-01-11 18:00:00
-27.138741,-51.520203,92.993672,4.346158,16.253103,74.501949,67.526951,98.034401,2023-01-11 19:00:00
-27.17969,-51.500099,1.814991,1.8124,-36.996335,92.208369,53.536377,63.469286,2023-01-11 20:00:00
-27.162927,-51.536699,5.30674,9.302842,-2.747996,85.304428,59.446251,67.550181,2023-01-11 21:00:00
-27.20689,-51.494585,95.513973,0.318651,-37.811845,55.992842,6.06926,83.134012,2023-01-11 22:00:00
-27.181961,-51.534286,2.517433,4.271546,-26.091212,10.579456,90.78006,33.144396,2023-01-11 23:00:00
-27.199118,-51.529432,99.77683,8.769681,-36.732328,33.460874,11.351085,49.579592,2023-01-12 00:00:00
-27.135427,-51.497924,89.561345,3.876589,39.995045,66.060139,54.770111,27.016302,2023-01-12 01:00:00
-27.141719,-51.522756,68.019856,0.27358,11.32919,14.123189,89.735575,24.28252,2023-01-12 02:00:00
-27.176811,-51.538032,84.520256,11.044647,2.618975,4.301813,69.652981,75.609646,2023-01-12 03:00:00
-27.205436,-51.471339,31.560807,4.466747,40.616537,6.21272,52.248426,95.057708,2023-01-12 04:00:00
-27.172637,-51.472867,80.01672,4.156737,-43.429781,65.696717,77.065266,42.752721,2023-01-12 05:00:00
-27.161417,-51.499411,72.780823,13.687864,37.642208,34.726946,9.933011,90.426394,2023-01-12 06:00:00
-27.208766,-51.539322,37.242374,4.659535,-23.32279,94.92749,94.255619,0.293756,2023-01-12 07:00:00
-27.157209,-51.501249,46.078508,8.42019,-47.85626,86.324574,87.723262,57.694038,2023-01-12 08:00:00
-27.213596,-51.529045,12.000386,10.527244,-16.379736,43.042395,47.950808,2.898478,2023-01-12 09:00:00
-27.173418,-51.486192,97.62447,8.090426,38.752459,88.759797,9.362857,84.205001,2023-01-12 10:00:00
-27.158645,-51.530606,7.680864,9.85174,-28.731946,63.42342,28.998137,85.423809,2023-01-12 11:00:00
-27.186695,-51.538458,91.308038,6.028493,22.519154,53.373905,10.693942,40.794828,2023-01-12 12:00:00
-27.194988,-51.46724,76.930565,2.489624,-41.059403,81.968114,86.118179,58.571849,2023-01-12 13:00:00
-27.210523,-51.474805,59.206033,13.021325,-41.213118,47.512279,66.524484,38.6867,2023-01-12 14:00:00
-27.213446,-51.518813,74.953632,0.088087,-43.600298,23.266661,86.204959,52.717574,2023-01-12 15:00:00
-27.131145,-51.482419,32.135911,5.906875,-33.932739,52.963886,2.705012,26.20001,2023-01-12 16:00:00
-27.189116,-51.489294,93.897289,10.6834,36.564846,24.14031,35.61224,2.719252,2023-01-12 17:00:00
-27.162345,-51.527438,45.385257,8.104965,49.705987,65.737595,67.053936,20.345499,2023-01-12 18:00:00
-27.144455,-51.545038,48.173154,8.962195,-4.32115,55.090942,83.619465,5.040572,2023-01-12 19:00:00
-27.214455,-51.500407,88.266937,8.787837,-44.984037,13.726516,91.938334,58.855245,2023-01-12 20:00:00
-27.156312,-51.498523,70.433327,2.402084,-12.010713,45.753687,79.506198,65.99573,2023-01-12 21:00:00
-27.138306,-51.505458,46.359591,0.749312,11.191833,13.686118,43.269274,81.711961,2023-01-12 22:00:00
-27.187648,-51.539751,85.500984,6.997551,-5.72354,48.089397,29.443462,57.884137,2023-01-12 23:00:00
-27.148574,-51.482217,2.207924,3.873446,22.694439,61.877402,0.884081,27.385312,2023-01-13 00:00:00
-27.201421,-51.525035,79.757318,13.931906,-46.44121,82.852033,4.333995,68.971189,2023-01-13 01:00:00
-27.138115,-51.489024,4.260972,8.124067,26.991332,52.006618,18.101293,26.080585,2023-01-13 02:00:00
-27.188745,-51.495414,6.083924,9.118314,-35.370517,3.178447,13.597685,2.164404,2023-01-13 03:00:00
-27.19947,-51.536718,68.724146,11.804909,-21.89867,88.320101,56.933546,12.38016,2023-01-13 04:00:00
-27.133122,-51.466314,33.355348,9.164646,-40.265049,60.260032,57.968268,44.674579,2023-01-13 05:00:00
-27.161036,-51.548781,6.904275,4.336005,-8.827298,99.875306,14.697289,27.056779,2023-01-13 06:00:00
-27.174938,-51.488754,7.894431,7.044832,46.950844,83.631361,70.823096,45.336592,2023-01-13 07:00:00
-27.21458,-51.553589,52.340496,9.740828,-24.786432,94.043365,62.446926,60.595597,2023-01-13 08:00:00
-27.147214,-51.494506,0.244453,1.069662,37.858481,28.602771,9.830457,4.5248,2023-01-13 09:00:00
-27.208043,-51.545512,71.301789,0.453266,-42.265444,18.338811,68.049431,70.780856,2023-01-13 10:00:00
-27.157869,-51.544543,1.646729,4.376389,-43.578165,31.348877,43.805555,94.760956,2023-01-13 11:00:00
-27.184078,-51.513954,13.868439,1.153879,-25.781713,57.466498,39.063629,47.947495,2023-01-13 12:00:00
-27.141741,-51.514345,5.533794,8.350622,19.65306,77.642186,26.878095,99.299158,2023-01-13 13:00:00
-27.184599,-51.530636,22.129859,0.263902,-9.587327,66.58942,8.238672,93.626364,2023-01-13 14:00:00
-27.177255,-51.544087,93.04697,11.772079,-10.136504,20.693758,21.772174,77.078228,2023-01-13 15:00:00
-27.194049,-51.52721,45.282274,8.438273,-45.113206,12.637176,64.763762,13.704265,2023-01-13 16:00:00
-27.156738,-51.532266,46.602373,12.421772,17.781272,37.82941,4.875718,11.826319,2023-01-13 17:00:00
-27.216227,-51.498045,67.938948,0.754161,5.92785,99.361395,91.559074,80.511753,2023-01-13 18:00:00
-27.128861,-51.509425,2.136035,1.241663,-10.908715,30.508567,67.182455,9.20085,2023-01-13 19:00:00
-27.164511,-51.476184,2.736444,12.746569,-22.350587,81.574858,31.331808,96.077302,2023-01-13 20:00:00
-27.129154,-51.535401,59.659224,3.286368,23.126731,12.383928,65.696693,94.808644,2023-01-13 21:00:00
-27.207847,-51.54085,42.237888,11.203227,-15.704101,39.060777,15.517991,44.779966,2023-01-13 22:00:00
-27.214155,-51.535557,59.20701,10.987776,-38.500224,51.216052,18.645201,62.146078,2023-01-13 23:00:00
-27.153599,-51.465461,9.147541,2.210972,-30.536649,72.78589,90.522101,57.939685,2023-01-14 00:00:00
-27.185698,-51.552655,60.906723,11.614954,34.360631,12.750104,74.2044,40.028142,2023-01-14 01:00:00
-27.20823,-51.550223,43.728132,0.498137,1.031928,76.094373,53.067326,10.32675,2023-01-14 02:00:00
-27.192821,-51.501079,72.282785,9.860998,37.335671,18.47431,89.611545,14.48572,2023-01-14 03:00:00
-27.153654,-51.485529,60.405866,8.744781,6.883331,56.045939,31.64487,95.376003,2023-01-14 04:00:00
-27.161622,-51.538032,78.379726,0.673499,11.1322,96.525872,37.373112,57.229689,2023-01-14 05:00:00
-27.177028,-51.548601,12.041025,2.603127,-39.336519,28.99049,33.842304,51.027326,2023-01-14 06:00:00
-27.216878,-51.491624,61.879813,6.569686,-30.166688,86.305175,55.834609,53.022198,2023-01-14 07:00:00
-27.140885,-51.521558,69.67235,1.728131,-45.532238,89.577921,91.876003,52.190396,2023-01-14 08:00:00
-27.151339,-51.522847,2.521264,11.881197,17.106733,41.228165,2.846606,67.626502,2023-01-14 09:00:00
-27.182124,-51.535687,83.719999,7.248387,22.630175,56.886858,36.599809,34.454534,2023-01-14 10:00:00
-27.161068,-51.501744,37.725369,7.707851,-15.55027,55.723228,86.842531,95.196225,2023-01-14 11:00:00
-27.160599,-51.488451,82.117011,1.519784,42.484801,43.717794,56.780819,16.21627,2023-01-14 12:00:00
-27.13172,-51.46841,31.321917,12.556195,47.293671,81.843562,25.895871,39.019398,2023-01-14 13:00:00
-27.188564,-51.510172,93.717532,1.218027,-49.780867,38.868441,44.338584,74.874123,2023-01-14 14:00:00
-27.186637,-51.470364,41.175859,10.602618,-43.974925,99.715133,0.479018,1.978279,2023-01-14 15:00:00
-27.177238,-51.499204,42.640466,5.184222,-47.270713,90.63615,9.558199,64.635847,2023-01-14 16:00:00
-27.152205,-51.510908,80.934588,12.896302,11.475967,97.455918,53.104989,33.981832,2023-01-14 17:00:00
-27.141787,-51.551702,5.444587,4.637294,-13.836628,18.386372,76.376766,73.411621,2023-01-14 18:00:00
-27.185599,-51.475487,79.829305,12.908966,-46.526072,16.115352,97.879295,67.601524,2023-01-14 19:00:00
-27.139042,-51.54408,31.502835,1.377667,2.729905,12.012218,44.145696,94.30036,2023-01-14 20:00:00
-27.213764,-51.54771,2.241236,1.484904,23.723096,78.16952,47.280674,77.745024,2023-01-14 21:00:00
-27.209674,-51.467744,64.594123,7.403142,36.741517,48.31699,57.337405,74.6578,2023-01-14 22:00:00
-27.128942,-51.466679,43.500603,13.069277,-46.099146,90.125434,41.074418,65.38339,2023-01-14 23:00:00
-27.19284,-51.475163,45.826978,0.088609,6.804997,11.732686,40.27426,48.641987,2023-01-15 00:00:00
-27.167924,-51.543518,58.283006,4.607966,-32.873222,27.779632,93.319603,4.981592,2023-01-15 01:00:00
-27.216464,-51.496206,38.23927,4.003426,47.610426,97.433236,65.976295,77.979304,2023-01-15 02:00:00
-27.172265,-51.520039,17.581693,1.601457,14.409051,26.835525,38.435466,22.556569,2023-01-15 03:00:00
-27.19096,-51.536648,32.422022,13.203917,-31.099053,89.615506,16.80771,95.22898,2023-01-15 04:00:00
-27.142183,-51.536603,64.926772,3.581491,-18.356684,58.552408,90.958785,61.652994,2023-01-15 05:00:00
-27.170285,-51.53014,54.63749,4.74759,2.832579,88.884385,34.496452,70.981589,2023-01-15 06:00:00
-27.21335,-51.483119,35.032006,5.501433,31.824361,18.711983,72.714936,71.441912,2023-01-15 07:00:00
-27.191245,-51.514365,34.165935,6.604446,-30.985683,79.680432,68.862453,9.707935,2023-01-15 08:00:00
-27.169402,-51.54735,94.488414,3.215569,-24.36289,39.424892,22.692974,85.512554,2023-01-15 09:00:00
-27.141213,-51.504582,43.725838,8.090146,43.724032,7.618893,73.603753,64.498213,2023-01-15 10:00:00
-27.192508,-51.488657,30.89093,2.571518,39.790338,96.283377,76.435635,92.892545,2023-01-15 11:00:00
-27.165366,-51.528951,83.698672,5.532441,5.065074,12.412169,93.314283,40.628527,2023-01-15 12:00:00
-27.20823,-51.469833,61.691036,8.818082,-0.723371,14.272404,81.110607,21.149505,2023-01-15 13:00:00
-27.14149,-51.529972,47.77847,0.453755,-25.540889,5.40897,71.008646,71.218279,2023-01-15 14:00:00
-27.202072,-51.494157,94.884514,12.83372,17.081252,9.991828,68.583979,50.670688,2023-01-15 15:00:00
-27.161759,-51.546237,84.163462,0.376177,15.7115,40.224532,97.043766,67.129316,2023-01-15 16:00:00
-27.207912,-51.506612,23.729234,13.766073,47.517935,28.857366,10.567349,20.673601,2023-01-15 17:00:00
-27.146368,-51.516363,54.011077,5.045122,-38.418572,92.984339,61.868873,43.045256,2023-01-15 18:00:00
-27.17606,-51.510015,87.60304,7.5267,29.947082,92.874475,15.014303,17.208956,2023-01-15 19:00:00
-27.201024,-51.526955,56.414778,13.08748,13.319802,48.711046,7.830765,55.860272,2023-01-15 20:00:00
-27.157468,-51.483717,91.669805,7.56529,4.088852,47.193871,21.845586,57.537196,2023-01-15 21:00:00
-27.214435,-51.505375,71.796445,3.951807,35.46011,99.300262,81.22588,67.185158,2023-01-15 22:00:00
-27.189886,-51.482268,70.261288,10.78888,3.666909,63.580732,74.138943,70.742659,2023-01-15 23:00:00
-27.139343,-51.50275,95.70236,0.474543,32.580191,74.956688,69.947939,47.025539,2023-01-16 00:00:00
-27.145098,-51.530224,51.73368,6.520641,-1.50466,24.482709,71.56511,16.001828,2023-01-16 01:00:00
-27.144727,-51.496065,93.788104,2.489957,13.550424,62.60952,8.723933,52.24973,2023-01-16 02:00:00
-27.188195,-51.536819,20.790263,9.7221,12.537291,67.518972,4.260543,8.440151,2023-01-16 03:00:00
-27.135521,-51.547569,90.088761,0.878986,-11.948038,74.200376,0.372199,30.15846,2023-01-16 04:00:00
-27.141117,-51.489689,35.290341,11.660962,35.709154,84.032873,15.542877,5.018031,2023-01-16 05:00:00
-27.152302,-51.466743,31.688947,10.992606,6.207702,27.305914,68.9501,96.73882,2023-01-16 06:00:00
-27.156003,-51.5462,63.261975,10.924993,-21.879471,9.638295,90.343744,74.624794,2023-01-16 07:00:00
-27.175349,-51.534844,73.486174,7.573261,41.080346,94.432891,16.701534,15.812004,2023-01-16 08:00:00
-27.188241,-51.517777,67.354336,12.953023,37.171423,44.449336,4.809473,22.235492,2023-01-16 09:00:00
-27.206385,-51.51135,14.408134,12.682541,-18.247869,42.320182,2.081493,64.983923,2023-01-16 10:00:00
-27.154315,-51.550119,42.073826,5.007102,42.577827,65.074809,63.923571,82.192437,2023-01-16 11:00:00
-27.152007,-51.491213,29.921055,3.136204,-13.396168,97.411369,51.885752,86.395442,2023-01-16 12:00:00
-27.154038,-51.493787,61.454594,12.222253,-33.422549,66.309048,97.058501,10.33454,2023-01-16 13:00:00
-27.137592,-51.520924,34.280703,7.103586,-9.94312,21.556819,70.56669,50.377859,2023-01-16 14:00:00
-27.138305,-51.480601,5.392372,13.602471,-37.054765,49.975873,5.964111,94.770397,2023-01-16 15:00:00
-27.182732,-51.480741,99.172524,6.69639,-8.535529,29.074873,24.724001,23.312672,2023-01-16 16:00:00
-27.145638,-51.551952,75.194701,2.878041,-28.852764,16.111991,17.91025,88.372067,2023-01-16 17:00:00
-27.18955,-51.495599,78.271015,2.818726,-25.288624,82.665797,43.402477,99.836619,2023-01-16 18:00:00
-27.182172,-51.501897,22.778194,11.287597,-27.659456,63.105272,10.641856,5.55188,2023-01-16 19:00:00
-27.140432,-51.547501,21.940991,9.317174,-1.537358,90.364195,79.114124,35.814303,2023-01-16 20:00:00
-27.209041,-51.505753,32.584174,6.745576,-19.797353,73.692536,55.204397,90.514359,2023-01-16 21:00:00
-27.149183,-51.5007,56.190369,1.931617,-49.732862,24.494471,62.34679,55.174335,2023-01-16 22:00:00
-27.142759,-51.520931,67.739198,12.591857,-43.472888,74.601849,79.590381,76.65832,2023-01-16 23:00:00
-27.159132,-51.500765,65.834747,1.721333,-37.240626,32.643179,45.673611,47.216011,2023-01-17 00:00:00
-27.180587,-51.515945,78.18379,7.094968,40.469769,85.719023,92.52675,67.769113,2023-01-17 01:00:00
-27.15828,-51.508412,43.840524,1.455614,-21.512185,60.298508,10.583436,98.026833,2023-01-17 02:00:00
-27.192935,-51.527948,45.695367,5.965441,17.288998,90.705548,48.063055,49.615346,2023-01-17 03:00:00
-27.176279,-51.525098,75.82406,3.588184,-34.854458,93.898039,51.726891,84.602024,2023-01-17 04:00:00
-27.183514,-51.504975,44.380043,1.051458,12.584993,61.420433,3.875065,78.690943,2023-01-17 05:00:00
-27.177137,-51.486983,41.32086,2.4683,-47.125832,45.181916,42.502615,98.16194,2023-01-17 06:00:00
-27.161096,-51.473494,57.488184,11.897268,-49.689532,14.754345,21.362704,43.264634,2023-01-17 07:00:00
-27.130192,-51.506892,21.935565,5.169044,36.860218,85.05403,57.076883,74.159654,2023-01-17 08:00:00
-27.170891,-51.535193,71.186429,6.662464,8.311329,18.719672,52.551991,16.04089,2023-01-17 09:00:00
-27.132152,-51.476098,35.034809,3.833407,-30.538312,68.224606,95.857678,43.928035,2023-01-17 10:00:00
-27.213121,-51.478011,18.206026,7.759541,14.167054,19.709511,32.099717,26.726551,2023-01-17 11:00:00
-27.160027,-51.470816,18.773368,11.630275,4.335275,44.159938,61.847687,32.459031,2023-01-17 12:00:00
-27.180902,-51.50241,96.898657,3.416927,-11.479698,21.326894,35.295467,61.10094,2023-01-17 13:00:00
-27.167842,-51.480366,13.179349,5.744324,-37.495085,29.211312,34.54962,59.977404,2023-01-17 14:00:00
-27.181313,-51.536558,69.865013,6.469227,22.586182,37.152365,21.390589,18.942255,2023-01-17 15:00:00
-27.136976,-51.476298,44.484284,5.76735,6.431767,57.68153,53.932794,92.349511,2023-01-17 16:00:00
-27.181797,-51.552016,68.877726,9.820267,-29.576307,42.848717,95.288458,1.841346,2023-01-17 17:00:00
-27.163932,-51.524036,81.849506,6.220076,21.92519,75.247415,69.722296,18.935276,2023-01-17 18:00:00
-27.165175,-51.545117,29.003192,11.411403,45.149707,47.177064,55.443122,9.199462,2023-01-17 19:00:00
-27.152129,-51.548396,68.477283,8.879522,47.396038,74.412317,86.091617,49.330577,2023-01-17 20:00:00
-27.189485,-51.487436,22.727874,4.557156,-30.351564,18.65427,38.720837,47.869317,2023-01-17 21:00:00
-27.166545,-51.475156,24.328448,10.159876,25.378178,15.053966,78.56486,42.072239,2023-01-17 22:00:00
-27.187241,-51.551057,57.763112,9.835749,45.880391,52.336764,30.330202,47.099827,2023-01-17 23:00:00
-27.204425,-51.471947,90.762692,3.315405,-39.167568,1.022673,83.438221,37.957079,2023-01-18 00:00:00
-27.153721,-51.484709,81.459205,10.059137,-2.17527,50.730475,85.117654,77.575348,2023-01-18 01:00:00
-27.179697,-51.536391,95.793865,8.488358,23.130913,48.356801,66.396331,33.947064,2023-01-18 02:00:00
-27.202292,-51.531089,23.862401,12.972027,11.855585,43.579952,83.84168,82.910059,2023-01-18 03:00:00
-27.177959,-51.508573,87.933034,3.198888,-25.898676,44.816149,0.425911,89.387273,2023-01-18 04:00:00
-27.145213,-51.552183,56.157801,10.157425,39.778904,12.438719,62.387074,95.097513,2023-01-18 05:00:00
-27.137611,-51.465165,91.875174,5.514009,25.004341,29.381669,6.766049,68.936857,2023-01-18 06:00:00
-27.194867,-51.513954,10.543442,2.764486,12.008473,82.924228,80.06153,40.573922,2023-01-18 07:00:00
-27.159323,-51.52948,47.523303,13.821051,-42.239849,74.294426,3.626919,7.77798,2023-01-18 08:00:00
-27.198165,-51.52814,80.898118,8.609813,-45.339266,72.588101,0.112897,53.29503,2023-01-18 09:00:00
-27.185538,-51.501427,27.97172,0.796295,-8.50423,30.411251,98.662756,89.207989,2023-01-18 10:00:00
-27.193327,-51.484481,42.828503,11.375969,3.00358,87.311353,13.25813,2.416937,2023-01-18 11:00:00
-27.16589,-51.511833,99.915015,11.411263,-15.170123,4.710459,74.007397,60.719376,2023-01-18 12:00:00
-27.163065,-51.470738,58.49514,12.096572,-43.78948,3.351627,92.2986,44.635491,2023-01-18 13:00:00
-27.183325,-51.543044,33.149421,8.332699,0.01862,89.478113,43.237154,32.01325,2023-01-18 14:00:00
-27.206845,-51.527259,77.694518,2.413102,24.275332,25.172092,77.382623,18.454027,2023-01-18 15:00:00
-27.160498,-51.516058,15.245177,3.794579,-21.244416,48.261145,39.491192,51.489113,2023-01-18 16:00:00
-27.208947,-51.488576,79.144671,5.597034,-1.727066,34.587206,48.39987,62.937279,2023-01-18 17:00:00
-27.208215,-51.474138,88.044053,5.106433,15.664365,82.336054,79.146051,99.603118,2023-01-18 18:00:00
-27.161777,-51.544548,24.260517,7.92901,5.454479,22.719084,45.291143,94.299927,2023-01-18 19:00:00
-27.150792,-51.534119,11.963577,9.511213,29.663722,57.262909,18.715992,1.330284,2023-01-18 20:00:00
-27.20189,-51.528832,4.727224,7.250577,31.762551,6.840153,72.07447,24.940968,2023-01-18 21:00:00
-27.165322,-51.537088,53.188693,7.038864,49.375398,44.812002,65.236021,91.916252,2023-01-18 22:00:00
-27.15345,-51.518394,57.139798,2.735295,-7.297056,45.028747,21.708243,99.481635,2023-01-18 23:00:00
-27.183592,-51.527386,53.307215,13.507187,-0.082224,73.699666,36.802267,35.65864,2023-01-19 00:00:00
-27.129849,-51.468513,73.840431,7.931122,47.369372,78.510531,6.180117,39.593133,2023-01-19 01:00:00
-27.179815,-51.517044,44.349554,0.636251,-31.464627,62.211534,87.965729,3.693196,2023-01-19 02:00:00
-27.203342,-51.493628,43.744968,7.068467,22.524088,12.709328,74.710305,22.561425,2023-01-19 03:00:00
-27.142173,-51.489833,21.060803,6.028799,-22.132168,96.387031,93.945121,43.098195,2023-01-19 04:00:00
-27.130936,-51.504567,30.836949,6.299259,46.748502,16.954055,43.579929,59.786196,2023-01-19 05:00:00
-27.133398,-51.480773,83.927676,12.58863,-13.131465,87.300753,13.560309,25.738386,2023-01-19 06:00:00
-27.185762,-51.553629,63.804061,6.217547,-40.216521,66.955905,60.128848,14.25942,2023-01-19 07:00:00
-27.179292,-51.517146,66.584582,10.18413,30.726093,89.038638,71.786263,94.298255,2023-01-19 08:00:00
-27.156907,-51.483472,84.764339,7.224243,-31.19582,8.278236,73.273932,75.006971,2023-01-19 09:00:00
-27.191798,-51.54651,17.300583,3.684849,48.027289,94.650475,29.302166,74.07201,2023-01-19 10:00:00
-27.207057,-51.546474,64.736559,0.630381,-2.801734,82.116662,69.744734,32.51567,2023-01-19 11:00:00
-27.16777,-51.530727,38.418016,8.600271,44.386524,3.946444,16.710787,10.81921,2023-01-19 12:00:00
-27.188994,-51.476271,64.615316,3.882292,8.768861,77.925493,27.454336,81.553195,2023-01-19 13:00:00
-27.137921,-51.539073,19.033337,1.82764,-2.558654,5.464376,11.799145,16.396309,2023-01-19 14:00:00
-27.140831,-51.55138,44.199838,0.408741,46.887459,24.67863,31.38842,65.54116,2023-01-19 15:00:00
-27.198798,-51.467882,87.931669,4.03727,18.252344,41.037339,33.090704,6.935528,2023-01-19 16:00:00
-27.19306,-51.498413,11.523179,12.625365,2.839016,58.951959,54.468852,29.345348,2023-01-19 17:00:00
-27.193587,-51.498106,20.012286,3.491657,25.037238,49.038264,26.131301,69.035645,2023-01-19 18:00:00
-27.192281,-51.486986,24.434912,3.417444,23.464165,58.690138,27.780063,9.458565,2023-01-19 19:00:00
-27.20156,-51.536295,91.942267,13.455116,14.17236,89.980816,4.279372,23.020671,2023-01-19 20:00:00
-27.131894,-51.554213,81.687443,8.679873,-13.131972,41.638702,17.071346,91.512662,2023-01-19 21:00:00
-27.205982,-51.54974,54.284241,9.358067,-25.60743,44.126708,26.851605,96.833535,2023-01-19 22:00:00
-27.179853,-51.548788,68.283913,10.824742,10.52006,10.910263,60.779175,58.448258,2023-01-19 23:00:00
-27.194726,-51.479913,41.911516,3.674322,43.022215,44.348415,90.111849,57.802579,2023-01-20 00:00:00
-27.194868,-51.541506,69.38952,0.57898,-49.312167,6.906913,81.117852,33.615104,2023-01-20 01:00:00
-27.207831,-51.465971,83.966651,10.153626,-38.452143,78.625305,2.927943,38.801706,2023-01-20 02:00:00
-27.205766,-51.500878,97.831707,4.947458,-36.885646,3.89123,59.736911,58.893733,2023-01-20 03:00:00
-27.173295,-51.486053,61.502236,1.116104,14.623617,67.57134,17.194705,54.414673,2023-01-20 04:00:00
-27.182503,-51.543495,88.92034,5.231261,-44.029852,13.210489,59.565542,81.092125,2023-01-20 05:00:00
-27.129667,-51.467945,11.595058,3.086598,-44.739548,68.60882,32.865871,26.303955,2023-01-20 06:00:00
-27.191931,-51.513256,61.405351,12.914767,42.216885,71.47006,40.275849,19.540091,2023-01-20 07:00:00
-27.217184,-51.526289,19.670379,4.564078,-8.018726,19.099181,45.349264,91.128699,2023-01-20 08:00:00
-27.166379,-51.535732,93.925087,1.12342,-48.344024,49.960658,85.073748,54.640808,2023-01-20 09:00:00
-27.184953,-51.528899,88.113827,10.016183,4.215615,61.718947,66.211834,98.758419,2023-01-20 10:00:00
-27.152647,-51.533911,0.833099,6.393064,0.751386,56.217361,91.181104,22.839509,2023-01-20 11:00:00
-27.197484,-51.474136,14.54358,12.211444,-32.096556,83.193948,21.226493,20.266299,2023-01-20 12:00:00
-27.148365,-51.480671,16.010006,5.994302,-17.100673,19.118973,75.541445,35.551155,2023-01-20 13:00:00
-27.137312,-51.52509,64.374925,10.1718,-10.010294,18.879692,17.82472,55.614742,2023-01-20 14:00:00
-27.216043,-51.531076,26.803698,9.36863,-33.108333,60.903638,75.411808,48.926791,2023-01-20 15:00:00
-27.151665,-51.492452,42.105221,13.298091,-11.32938,0.510651,31.093746,39.947918,2023-01-20 16:00:00
-27.165629,-51.509892,42.284528,10.772129,-44.369811,49.392462,83.343667,63.920425,2023-01-20 17:00:00
-27.177224,-51.482354,76.92799,12.89354,37.047979,30.530225,49.152191,79.358039,2023-01-20 18:00:00
-27.175994,-51.465789,58.788839,9.467654,-42.94887,53.689778,45.396123,88.670475,2023-01-20 19:00:00
-27.15794,-51.505479,5.477848,11.564705,3.606997,59.915879,22.460151,66.457253,2023-01-20 20:00:00
-27.207168,-51.543645,11.396431,5.208138,48.210971,54.449646,27.249462,37.544886,2023-01-20 21:00:00
-27.156779,-51.472278,15.638722,13.933202,4.067265,55.62247,16.65787,1.338285,2023-01-20 22:00:00
-27.188676,-51.531242,82.441327,8.342477,37.24586,79.14825,1.579577,16.296326,2023-01-20 23:00:00
-27.144634,-51.505103,49.084231,3.633924,14.154402,77.078807,45.981089,12.242424,2023-01-21 00:00:00
-27.194524,-51.477314,87.364426,4.065153,21.214757,62.271086,63.09757,60.333867,2023-01-21 01:00:00
-27.144532,-51.501919,97.739663,12.760579,-44.576189,80.20933,81.476031,57.726297,2023-01-21 02:00:00
-27.214929,-51.493874,38.633018,6.959715,41.471555,70.033343,13.242972,39.55062,2023-01-21 03:00:00
-27.151856,-51.506481,11.691998,7.110593,-0.734233,78.022549,74.100397,22.218995,2023-01-21 04:00:00
-27.127849,-51.543928,87.806418,0.215084,9.035779,58.908115,37.770969,48.492967,2023-01-21 05:00:00
-27.157591,-51.471471,66.605569,1.233458,-40.111872,3.341721,99.74238,55.278764,2023-01-21 06:00:00
-27.197924,-51.504803,30.402401,2.175054,34.711672,55.40773,80.451355,66.928625,2023-01-21 07:00:00
-27.208596,-51.551002,28.640584,4.282248,34.946041,55.715585,33.558341,54.560498,2023-01-21 08:00:00
-27.153196,-51.467641,61.067295,7.789699,41.061171,51.374613,91.66957,27.262094,2023-01-21 09:00:00
-27.193514,-51.499804,54.801231,5.127585,48.418302,35.617724,60.015591,23.625888,2023-01-21 10:00:00
-27.14807,-51.487507,9.751573,10.880911,-4.595463,38.150494,11.411644,3.018232,2023-01-21 11:00:00
-27.197073,-51.537024,28.80882,5.52474,13.347666,41.954765,12.185773,52.508369,2023-01-21 12:00:00
-27.17685,-51.515558,1.719837,7.042705,30.271103,31.671549,15.889774,3.59022,2023-01-21 13:00:00
-27.176162,-51.502172,22.801263,5.845553,8.233387,12.627963,52.456862,64.07864,2023-01-21 14:00:00
-27.146913,-51.542261,41.584103,8.799629,23.602892,16.393672,2.198174,64.99259,2023-01-21 15:00:00
-27.143578,-51.500356,24.458567,8.115436,18.189354,66.744999,55.40136,33.012344,2023-01-21 16:00:00
-27.16303,-51.479142,63.37996,1.521262,-21.195724,52.08283,21.339086,45.111118,2023-01-21 17:00:00
-27.136403,-51.519997,4.410404,13.398177,-25.488134,61.684056,45.971341,81.571537,2023-01-21 18:00:00
-27.216481,-51.513913,49.977434,8.95328,-36.062631,18.38868,49.307782,4.802291,2023-01-21 19:00:00
-27.150201,-51.494684,37.468382,3.816773,-37.976421,49.560007,11.073983,41.553375,2023-01-21 20:00:00
-27.21189,-51.500294,20.597203,2.92363,-21.017752,75.364113,16.82138,7.235246,2023-01-21 21:00:00
-27.190101,-51.520633,90.303089,2.28674,-39.515389,29.800084,7.355244,50.245507,2023-01-21 22:00:00
-27.186647,-51.548797,93.493918,12.968058,35.303363,45.331813,63.475606,11.519345,2023-01-21 23:00:00
-27.213958,-51.508763,11.195162,4.555473,-1.809238,88.159743,99.783986,95.968717,2023-01-22 00:00:00
-27.131847,-51.46737,11.29149,6.690976,-13.111209,39.75114,21.027814,39.321451,2023-01-22 01:00:00
-27.210841,-51.466909,53.888707,10.74837,23.925853,7.634009,73.544539,12.296787,2023-01-22 02:00:00
-27.153925,-51.524331,11.358105,10.655996,-7.063392,19.620022,4.14151,64.163545,2023-01-22 03:00:00
-27.181861,-51.491698,78.88481,10.569606,-49.798253,16.043227,22.194562,21.633908,2023-01-22 04:00:00
-27.169641,-51.532669,41.078474,5.615434,35.599579,48.081101,83.426221,24.955006,2023-01-22 05:00:00
-27.209628,-51.510097,17.242215,8.783861,-32.096804,60.34409,42.073316,8.903397,2023-01-22 06:00:00
-27.209552,-51.497689,16.987724,6.302814,-1.825365,75.495865,86.014497,84.751968,2023-01-22 07:00:00
-27.214499,-51.526755,89.0908,2.002612,46.994002,40.334943,77.307716,50.87177,2023-01-22 08:00:00
-27.21046,-51.514324,86.036113,3.972006,44.965797,70.876373,54.89938,27.416263,2023-01-22 09:00:00
-27.211975,-51.519263,87.709483,11.225124,44.024255,91.929434,50.724405,18.872328,2023-01-22 10:00:00
-27.211053,-51.53715,45.380699,1.412289,26.669509,2.324158,55.601259,21.267647,2023-01-22 11:00:00
-27.131265,-51.487785,88.307594,13.945898,-19.780624,30.588562,23.347768,81.695427,2023-01-22 12:00:00
-27.214618,-51.485842,61.375865,4.140769,-24.909315,57.869832,24.563407,60.226772,2023-01-22 13:00:00
-27.142491,-51.477401,20.593108,10.723427,39.17792,79.343277,65.708294,74.917425,2023-01-22 14:00:00
-27.149744,-51.526849,37.148779,5.642533,-17.089318,24.561587,66.229606,49.423431,2023-01-22 15:00:00
-27.147871,-51.468873,56.282392,9.509873,47.320943,58.149891,57.544789,31.414927,2023-01-22 16:00:00
-27.194355,-51.508395,85.098404,11.064436,-40.219356,53.27463,86.746136,5.786341,2023-01-22 17:00:00
-27.190711,-51.484251,72.829449,9.466864,-20.373203,27.872697,67.403256,29.898637,2023-01-22 18:00:00
-27.204311,-51.53168,13.046035,10.934499,13.600344,24.640043,37.79465,26.959151,2023-01-22 19:00:00
-27.142349,-51.491168,82.165633,4.242109,-28.873201,93.755944,60.210122,32.485,2023-01-22 20:00:00
-27.143869,-51.521119,37.098588,10.77553,8.538828,36.076345,41.859728,34.167668,2023-01-22 21:00:00
-27.164016,-51.477607,3.012124,8.387982,-6.185201,68.789053,21.181476,51.686343,2023-01-22 22:00:00
-27.133787,-51.516129,26.6187,12.573922,-30.724374,39.909886,28.96157,54.731386,2023-01-22 23:00:00
-27.128362,-51.510821,81.183059,11.324319,-0.854759,82.745949,54.106453,31.773386,2023-01-23 00:00:00
-27.160838,-51.484055,74.508123,7.968052,-29.094075,35.619255,97.526863,27.858273,2023-01-23 01:00:00
-27.216834,-51.488071,84.928592,8.97583,47.268114,47.848209,74.920444,93.425407,2023-01-23 02:00:00
-27.148988,-51.529867,17.667639,3.355752,1.901693,86.238554,58.563463,55.604866,2023-01-23 03:00:00
-27.170467,-51.509184,71.516376,5.360521,0.484782,15.834472,95.679614,41.464362,2023-01-23 04:00:00
-27.192979,-51.495998,1.584054,10.00066,-29.594512,6.327392,84.695753,20.2996,2023-01-23 05:00:00
-27.147149,-51.540371,15.806903,2.772838,13.551501,54.395183,30.556275,59.077819,2023-01-23 06:00:00
-27.141403,-51.554151,74.358672,9.447745,-5.674174,17.709989,15.674513,91.026428,2023-01-23 07:00:00
-27.180768,-51.51238,11.582461,4.152713,-5.553458,10.492573,23.390456,14.733278,2023-01-23 08:00:00
-27.170678,-51.520023,18.053145,2.215809,-15.370272,35.711282,23.07551,86.800962,2023-01-23 09:00:00
-27.157339,-51.534826,49.672137,4.127594,-32.614716,91.92547,44.812645,86.435279,2023-01-23 10:00:00
-27.171572,-51.502371,91.981227,5.425743,10.213862,68.208022,19.593005,75.91827,2023-01-23 11:00:00
-27.180305,-51.514569,32.710317,8.668768,-31.751862,82.90366,8.783962,38.896352,2023-01-23 12:00:00
-27.144474,-51.465094,5.900223,7.393253,16.015455,26.672149,40.76256,71.774998,2023-01-23 13:00:00
-27.192755,-51.519572,32.341471,2.983154,-3.174714,41.953538,4.919089,89.836322,2023-01-23 14:00:00
-27.136786,-51.539668,59.676184,6.459711,31.776269,71.902045,31.549769,48.17163,2023-01-23 15:00:00
-27.217556,-51.55112,8.32207,7.172283,-6.36517,78.411336,86.949093,15.869913,2023-01-23 16:00:00
-27.206868,-51.517115,90.261991,8.03886,20.01487,9.970755,25.730672,29.520916,2023-01-23 17:00:00
-27.197177,-51.466278,82.991527,12.663033,-33.60415,40.895482,39.179424,81.513919,2023-01-23 18:00:00
-27.189177,-51.484234,30.319763,3.852647,11.312729,85.098685,59.289975,12.726148,2023-01-23 19:00:00
-27.195734,-51.522312,12.036286,0.43924,-32.878305,53.301763,85.12606,54.980827,2023-01-23 20:00:00
-27.181874,-51.543065,15.973565,4.703921,32.891364,14.114421,78.722151,50.892069,2023-01-23 21:00:00
-27.183113,-51.494355,24.027629,1.21246,24.643554,37.61522,45.155446,5.662826,2023-01-23 22:00:00
-27.139348,-51.489787,88.808594,4.212318,-37.852209,90.445905,22.737096,62.862287,2023-01-23 23:00:00
-27.195705,-51.531383,60.747075,3.356559,48.784439,82.046639,44.483138,48.617264,2023-01-24 00:00:00
-27.206392,-51.530174,42.977326,9.702401,46.811555,53.053486,76.934567,88.089334,2023-01-24 01:00:00
-27.134091,-51.508465,30.727541,9.715354,-29.792905,24.559488,57.396122,48.227196,2023-01-24 02:00:00
-27.147243,-51.506745,72.330054,4.210976,-37.940605,83.64405,42.451689,91.537658,2023-01-24 03:00:00
-27.162938,-51.515719,22.579812,13.410255,-40.177191,88.028386,2.55191,15.988537,2023-01-24 04:00:00
-27.131717,-51.541645,73.299781,8.611902,38.964175,51.928578,12.896755,62.56437,2023-01-24 05:00:00
-27.151427,-51.512746,58.530242,7.883062,4.806099,8.20539,41.206375,12.63354,2023-01-24 06:00:00
-27.136752,-51.553074,50.434435,8.937268,28.179156,97.522604,70.03249,70.634986,2023-01-24 07:00:00
-27.213361,-51.505849,24.572044,10.889905,-20.105373,4.992773,58.948189,57.556403,2023-01-24 08:00:00
-27.18386,-51.488173,29.433952,3.555568,48.285823,37.920535,1.925736,23.228932,2023-01-24 09:00:00
-27.17585,-51.470575,4.743521,1.355486,24.538153,98.949549,67.365966,16.293847,2023-01-24 10:00:00
-27.195908,-51.545187,89.543681,4.605158,-23.271522,56.677637,22.790967,54.093662,2023-01-24 11:00:00
-27.19801,-51.479936,92.935089,4.527041,-33.615881,59.554354,6.974281,89.871985,2023-01-24 12:00:00
-27.154777,-51.501959,16.138721,12.030333,38.847627,98.134668,49.700562,53.723586,2023-01-24 13:00:00
-27.154743,-51.545466,22.108339,1.727418,-48.997613,27.43951,96.749882,77.563463,2023-01-24 14:00:00
-27.214633,-51.484502,64.159938,11.981252,-35.449731,87.984421,87.461628,55.184189,2023-01-24 15:00:00
-27.148268,-51.502384,13.0265,4.181084,39.267527,74.717115,31.264142,5.221326,2023-01-24 16:00:00
-27.19737,-51.532661,8.91437,6.109663,-24.335134,18.343941,75.969334,9.014324,2023-01-24 17:00:00
-27.192589,-51.474491,54.820142,1.766976,26.218508,10.782389,70.081101,51.3258,2023-01-24 18:00:00
-27.166761,-51.488294,54.415314,7.90905,-2.999168,20.76796,32.021212,98.092955,2023-01-24 19:00:00
-27.212885,-51.55173,99.286823,4.578227,-5.697893,69.141159,15.730591,98.4134,2023-01-24 20:00:00
-27.209009,-51.542231,15.431276,9.450148,-33.807062,78.529564,93.441223,16.707135,2023-01-24 21:00:00
-27.145979,-51.505448,72.5854,7.253775,-34.304038,92.057734,73.957905,27.163595,2023-01-24 22:00:00
-27.193655,-51.479768,26.61646,7.76251,14.585913,93.272882,99.746648,54.053757,2023-01-24 23:00:00
-27.150174,-51.541856,13.935954,13.889116,13.544884,98.851793,48.051456,54.185101,2023-01-25 00:00:00
-27.143806,-51.489089,61.850822,3.073201,13.626869,27.347054,64.475322,51.603589,2023-01-25 01:00:00
-27.166171,-51.528453,53.400082,11.017481,45.420593,51.841102,90.268351,90.658033,2023-01-25 02:00:00
-27.163016,-51.498039,78.583105,4.042232,-10.191626,92.332207,92.433792,37.400727,2023-01-25 03:00:00
-27.172548,-51.532879,55.978451,11.794093,-43.042687,73.490081,67.892135,36.887361,2023-01-25 04:00:00
-27.199207,-51.517144,97.672551,2.360067,-12.793523,42.068945,14.867732,3.53377,2023-01-25 05:00:00
-27.145505,-51.543682,91.880979,13.308913,-26.383129,7.964066,86.48488,6.893311,2023-01-25 06:00:00
-27.159579,-51.536701,76.299088,0.824367,16.889487,4.863981,42.560651,23.084225,2023-01-25 07:00:00
-27.211032,-51.524164,81.368446,11.153043,17.914383,33.262122,73.926106,26.873386,2023-01-25 08:00:00
-27.160201,-51.553459,35.371354,10.85041,14.56312,98.603319,51.70255,95.708997,2023-01-25 09:00:00
-27.206662,-51.482773,15.70996,9.517563,22.071625,36.161521,47.660329,41.422296,2023-01-25 10:00:00
-27.18736,-51.516665,14.942005,6.263306,-8.504268,27.968391,20.048435,49.806144,2023-01-25 11:00:00
-27.164753,-51.553156,60.718503,11.154071,43.792098,44.051757,78.645729,24.958733,2023-01-25 12:00:00
-27.164068,-51.51619,22.404894,10.206396,17.717106,33.697143,64.120791,99.44393,2023-01-25 13:00:00
-27.189803,-51.477029,6.568106,6.922063,34.129793,44.122305,12.457891,41.583255,2023-01-25 14:00:00
-27.214613,-51.523154,92.617115,11.139181,-9.710645,20.598781,43.564753,84.80648,2023-01-25 15:00:00
-27.196497,-51.530307,80.752578,3.660163,27.244598,4.354419,64.794292,31.468027,2023-01-25 16:00:00
-27.217193,-51.479833,29.80074,4.373682,-43.839088,97.25912,48.408779,7.485796,2023-01-25 17:00:00
-27.21361,-51.504536,37.205302,9.794851,2.896336,16.117,72.996993,48.886518,2023-01-25 18:00:00
-27.154916,-51.518353,49.592481,5.493339,38.134763,27.953805,69.797487,58.57843,2023-01-25 19:00:00
-27.143284,-51.488909,94.721519,2.725949,37.988955,2.650056,17.824782,86.412538,2023-01-25 20:00:00
-27.169996,-51.488004,79.503396,6.28984,-14.228892,70.068959,23.066288,8.688506,2023-01-25 21:00:00
-27.162453,-51.532119,37.248486,7.824425,-2.746759,27.451214,13.478297,13.509249,2023-01-25 22:00:00
-27.13946,-51.551265,13.623917,5.552126,-29.193444,88.280455,48.943469,80.31879,2023-01-25 23:00:00
-27.130229,-51.515354,4.310516,9.661793,-5.050225,92.234518,55.095531,73.113023,2023-01-26 00:00:00
-27.174271,-51.47597,2.796873,3.043079,35.686624,22.4186,33.883557,76.720644,2023-01-26 01:00:00
-27.154239,-51.486828,90.630589,0.391876,45.89621,70.087492,8.449322,81.394972,2023-01-26 02:00:00
-27.157303,-51.485386,46.357398,2.410455,-21.230747,27.243187,76.781793,26.650753,2023-01-26 03:00:00
-27.137164,-51.474128,51.009329,2.825653,24.520457,8.77236,34.09503,90.523978,2023-01-26 04:00:00
-27.212793,-51.53518,28.681946,12.341829,3.019602,68.947272,68.871784,11.440753,2023-01-26 05:00:00
-27.137877,-51.553311,34.178789,0.248392,-23.069789,53.759077,18.48719,36.350081,2023-01-26 06:00:00
-27.19106,-51.467069,77.54824,10.099064,-41.392646,5.747277,22.333538,42.91748,2023-01-26 07:00:00
-27.165078,-51.469679,43.560625,13.257005,3.002056,86.710571,56.154358,30.102602,2023-01-26 08:00:00
-27.196739,-51.541328,41.843648,11.078971,26.202908,87.536614,69.811938,89.218984,2023-01-26 09:00:00
-27.136851,-51.484144,96.746869,9.986967,-10.136718,98.736096,71.953191,27.29694,2023-01-26 10:00:00
-27.181375,-51.525476,63.507888,11.906391,-21.91737,98.113691,63.852529,62.059245,2023-01-26 11:00:00
-27.206384,-51.548601,50.722965,13.013335,12.878792,90.239975,35.340619,21.017688,2023-01-26 12:00:00
-27.164441,-51.5464,95.490039,2.833035,-10.890484,11.311997,24.025199,59.63627,2023-01-26 13:00:00
-27.202169,-51.519361,98.045121,3.265491,-10.201651,15.511302,67.749685,38.754987,2023-01-26 14:00:00
-27.176008,-51.510192,88.158836,3.208723,-25.912529,46.182407,59.412699,78.48208,2023-01-26 15:00:00
-27.215065,-51.539026,76.25609,8.423334,33.548824,84.974619,57.919698,52.379056,2023-01-26 16:00:00
-27.128064,-51.494687,58.90296,3.81624,-4.634855,18.36286,48.925903,3.105668,2023-01-26 17:00:00
-27.15816,-51.515399,10.936884,2.42374,44.475007,15.929905,57.164943,69.868245,2023-01-26 18:00:00
-27.213505,-51.500092,8.36888,0.863689,-11.463878,4.450549,33.966044,35.586984,2023-01-26 19:00:00
-27.216569,-51.492432,58.145784,5.935076,-29.370533,14.557054,32.3157,5.06951,2023-01-26 20:00:00
-27.158319,-51.498881,16.994992,13.747796,-48.942675,42.544791,36.297476,2.978395,2023-01-26 21:00:00
-27.212713,-51.52482,3.308315,3.058894,43.465855,28.029116,0.051961,39.51557,2023-01-26 22:00:00
-27.158652,-51.546712,29.883699,9.08117,-4.66747,12.569525,14.579583,41.111838,2023-01-26 23:00:00
-27.159539,-51.55464,48.564564,12.972252,11.525714,17.16605,64.240801,27.215811,2023-01-27 00:00:00
-27.143658,-51.507238,78.309942,6.300538,45.287069,14.439289,26.151936,42.245165,2023-01-27 01:00:00
-27.179134,-51.50089,36.134496,5.925503,-10.840168,87.549392,60.524456,46.424764,2023-01-27 02:00:00
-27.156613,-51.495496,58.19012,4.893477,1.69227,69.05544,57.969356,20.241381,2023-01-27 03:00:00
-27.134876,-51.48103,17.026343,5.751632,21.926159,12.555523,85.380383,39.891065,2023-01-27 04:00:00
-27.192118,-51.498481,52.860795,8.287018,-17.891781,81.871282,49.776926,36.769384,2023-01-27 05:00:00
-27.141818,-51.517111,47.918193,9.925009,37.199752,5.063682,72.329294,4.244486,2023-01-27 06:00:00
-27.143787,-51.537657,77.069875,2.67955,-13.688625,93.80156,34.687733,16.937307,2023-01-27 07:00:00
-27.21539,-51.480498,91.198066,8.65785,-30.493035,59.962081,52.823881,72.564815,2023-01-27 08:00:00
-27.144459,-51.49399,87.636977,13.65023,-15.740848,81.307198,69.217684,98.400531,2023-01-27 09:00:00
-27.144841,-51.540218,34.093122,5.597308,28.869045,83.241297,60.026784,75.756032,2023-01-27 10:00:00
-27.182254,-51.543665,15.131155,2.182992,-12.039754,43.068194,53.598775,68.169132,2023-01-27 11:00:00
-27.133982,-51.518929,32.534568,12.617368,-10.119379,71.745802,37.637187,1.987609,2023-01-27 12:00:00
-27.186471,-51.497537,75.026807,2.367959,-20.942936,86.476628,71.314543,4.514506,2023-01-27 13:00:00
-27.212343,-51.532103,20.136193,1.427737,-23.931694,97.583059,94.377111,75.142731,2023-01-27 14:00:00
-27.172754,-51.500516,95.025882,9.058578,2.367955,3.110434,91.869465,18.418757,2023-01-27 15:00:00
-27.212924,-51.550503,80.892089,1.673619,-18.692875,2.984362,45.056506,59.349142,2023-01-27 16:00:00
-27.140115,-51.499487,24.163389,3.074572,38.773377,49.832531,86.373163,27.261194,2023-01-27 17:00:00
-27.154985,-51.48103,31.777781,13.402335,-43.363979,95.659497,59.681541,57.419027,2023-01-27 18:00:00
-27.199169,-51.519845,65.134797,13.537318,-31.159089,36.094466,28.813896,23.234004,2023-01-27 19:00:00
-27.172874,-51.54842,63.118111,10.554707,30.512896,76.82711,80.726136,91.190376,2023-01-27 20:00:00
-27.204097,-51.493826,22.756172,7.673022,33.129455,81.04327,27.694203,17.914817,2023-01-27 21:00:00
-27.217108,-51.487694,98.888304,9.80402,-1.357333,65.003544,6.807172,77.750167,2023-01-27 22:00:00
-27.131866,-51.530497,41.688521,3.422536,8.897095,17.223723,29.806452,0.10423,2023-01-27 23:00:00
-27.203397,-51.544959,23.978058,13.175668,-25.579319,74.511203,59.527044,93.969394,2023-01-28 00:00:00
-27.133543,-51.527604,90.852727,4.214341,-10.738376,40.573643,51.387604,90.221453,2023-01-28 01:00:00
-27.169678,-51.55253,57.217513,13.079098,35.686489,35.650839,17.724749,80.56881,2023-01-28 02:00:00
-27.203693,-51.527655,49.867228,6.466132,28.679726,23.190895,36.136538,2.509459,2023-01-28 03:00:00
-27.135946,-51.471205,53.886055,9.609199,12.626423,15.230256,23.092525,38.078253,2023-01-28 04:00:00
-27.191706,-51.551111,86.118042,11.963057,43.816517,75.96638,34.641675,71.845793,2023-01-28 05:00:00
-27.19066,-51.54146,1.377774,7.700398,4.189934,26.466371,70.764041,2.91516,2023-01-28 06:00:00
-27.134507,-51.543425,13.927459,8.226253,-36.819144,12.282402,88.637234,52.905588,2023-01-28 07:00:00
-27.215454,-51.525376,2.668752,11.768604,-2.709057,7.262419,64.856992,54.750299,2023-01-28 08:00:00
-27.210212,-51.488216,97.480313,12.003164,42.439927,57.978497,57.629855,28.274269,2023-01-28 09:00:00
-27.183109,-51.517685,5.130472,8.490842,-34.200392,82.491613,36.233002,81.925364,2023-01-28 10:00:00
-27.196069,-51.55023,52.859025,1.462121,46.114431,70.495519,77.918278,41.882617,2023-01-28 11:00:00
-27.154083,-51.507108,2.239125,11.512397,2.547551,72.552777,38.446393,76.563521,2023-01-28 12:00:00
-27.207578,-51.546059,0.720981,7.424014,-17.432181,89.720491,90.521214,74.045646,2023-01-28 13:00:00
-27.213997,-51.507679,78.974733,13.867168,49.170093,37.062584,92.449255,21.108366,2023-01-28 14:00:00
-27.183012,-51.467679,20.711946,9.562456,43.291396,12.07805,16.705511,87.615025,2023-01-28 15:00:00
-27.201918,-51.550586,86.570747,10.246774,-9.982794,55.778643,60.380599,45.682628,2023-01-28 16:00:00
-27.138176,-51.474005,40.593778,9.943469,41.361906,41.782788,30.306435,30.380835,2023-01-28 17:00:00
-27.152443,-51.525957,39.493656,3.038265,43.423839,32.326046,7.808688,59.727933,2023-01-28 18:00:00
-27.203239,-51.487607,31.799394,3.200752,-6.934585,46.709901,84.129897,41.152294,2023-01-28 19:00:00
-27.167053,-51.499085,37.282378,1.646361,-48.124994,52.39477,15.462072,30.61508,2023-01-28 20:00:00
-27.184758,-51.489587,74.796801,3.682364,-47.655151,42.928777,13.776347,19.753028,2023-01-28 21:00:00
-27.142033,-51.469374,65.342916,7.605193,7.248725,64.96454,80.283105,87.402906,2023-01-28 22:00:00
-27.216423,-51.473293,35.461252,12.183624,-35.331553,86.596998,8.073865,85.856004,2023-01-28 23:00:00
-27.190372,-51.479567,27.966913,8.168608,-42.571366,5.413428,13.649331,96.287165,2023-01-29 00:00:00
-27.162945,-51.544297,76.559157,1.082931,47.030808,14.362682,80.680681,50.557904,2023-01-29 01:00:00
-27.145808,-51.526395,48.352159,3.435618,-5.419723,52.841231,3.745868,1.155719,2023-01-29 02:00:00
-27.164128,-51.524445,90.843458,2.218471,24.749468,8.376391,6.24451,24.9936,2023-01-29 03:00:00
-27.21377,-51.523037,69.501708,13.79509,-13.067563,23.385263,87.419503,86.488549,2023-01-29 04:00:00
-27.187028,-51.515851,94.129745,3.708415,0.801667,90.609932,74.667207,96.945095,2023-01-29 05:00:00
-27.180052,-51.502467,26.287451,10.969286,-25.03109,75.724503,70.368337,22.856462,2023-01-29 06:00:00
-27.13524,-51.517421,46.388586,2.883105,-39.709837,3.72585,33.096459,73.380238,2023-01-29 07:00:00
-27.193319,-51.504748,65.590155,12.183345,5.574198,61.365957,94.010977,95.67061,2023-01-29 08:00:00
-27.170343,-51.471401,69.439558,13.126859,26.463006,94.978595,28.243736,67.193321,2023-01-29 09:00:00
-27.160255,-51.535414,94.905478,12.976059,-8.838696,35.927971,60.37991,19.933451,2023-01-29 10:00:00
-27.16755,-51.493485,29.685261,0.197024,-41.573647,5.581037,25.306362,76.049624,2023-01-29 11:00:00
-27.18961,-51.470272,72.921434,6.019223,44.388798,21.096204,20.100728,72.411829,2023-01-29 12:00:00
-27.192243,-51.541201,22.498488,6.626687,43.630616,98.140055,95.588727,93.283664,2023-01-29 13:00:00
-27.18487,-51.469004,1.285529,7.288349,35.753802,32.700392,5.23664,29.845041,2023-01-29 14:00:00
-27.164846,-51.548211,82.449848,9.184376,-41.699412,13.818714,8.618659,65.643749,2023-01-29 15:00:00
-27.211168,-51.554063,0.415615,2.500296,8.0345,92.860466,90.438322,33.720976,2023-01-29 16:00:00
-27.193707,-51.522379,8.417038,4.346851,-15.045232,88.575985,14.458664,69.10678,2023-01-29 17:00:00
-27.194888,-51.545066,18.389708,11.3871,-49.168823,8.723682,79.347967,40.130317,2023-01-29 18:00:00
-27.205849,-51.551266,11.341707,8.777677,-4.211547,94.317933,24.49693,62.833688,2023-01-29 19:00:00
-27.206059,-51.536302,77.910152,7.889652,-14.950269,61.377877,66.748934,88.488732,2023-01-29 20:00:00
-27.209484,-51.478963,32.039437,9.266762,-37.071295,22.938872,50.320835,85.415703,2023-01-29 21:00:00
-27.1387,-51.47566,54.024442,1.552174,-20.882416,45.409854,72.632106,18.347863,2023-01-29 22:00:00
-27.153956,-51.472639,56.473347,9.300635,22.713729,53.33355,56.58918,18.975584,2023-01-29 23:00:00
-27.207915,-51.521676,56.533975,10.0439,6.942617,79.527521,19.312172,0.842262,2023-01-30 00:00:00
-27.161536,-51.534555,27.349,10.343085,28.502017,43.909488,18.320305,42.364836,2023-01-30 01:00:00
-27.149772,-51.480068,73.713843,12.588711,28.004264,26.774016,18.147432,7.657363,2023-01-30 02:00:00
-27.187106,-51.467393,36.117099,4.473072,-6.200788,17.730477,26.056837,44.153317,2023-01-30 03:00:00
-27.213421,-51.513507,73.282725,11.325176,5.380559,2.136445,47.790762,59.535847,2023-01-30 04:00:00
-27.14756,-51.473431,90.951655,12.112575,22.335035,10.446254,84.265852,10.299164,2023-01-30 05:00:00
-27.134935,-51.546727,5.815106,9.786344,3.406538,48.317538,85.739397,66.981035,2023-01-30 06:00:00
-27.153366,-51.49106,72.159457,1.818522,16.066601,45.060215,49.474723,58.137016,2023-01-30 07:00:00
-27.205378,-51.528431,89.841425,1.297312,31.252326,28.402739,38.089793,28.297339,2023-01-30 08:00:00
-27.168523,-51.539863,44.573394,2.852477,-35.551564,11.101943,78.115328,20.398059,2023-01-30 09:00:00
-27.157108,-51.539545,75.995557,3.405791,-33.688036,7.819805,93.281979,19.314777,2023-01-30 10:00:00
-27.135101,-51.55115,66.81474,6.985318,-17.15523,55.136361,65.724371,86.939952,2023-01-30 11:00:00
-27.144771,-51.492587,74.291986,10.25834,-39.617702,85.517924,78.824252,92.289236,2023-01-30 12:00:00
-27.134251,-51.488475,94.90622,5.079637,-49.635358,67.217647,71.023374,74.135436,2023-01-30 13:00:00
-27.193837,-51.479175,46.318488,1.022387,29.858067,45.487363,36.571114,36.260458,2023-01-30 14:00:00
-27.201037,-51.549663,57.705701,1.255786,13.249856,55.859941,48.141814,16.217152,2023-01-30 15:00:00
-27.191439,-51.514466,75.813457,11.698166,-7.537174,52.877915,33.707605,13.307553,2023-01-30 16:00:00
-27.173486,-51.545085,38.747095,0.307053,8.29121,64.035607,46.506366,59.359482,2023-01-30 17:00:00
-27.191902,-51.488234,63.583035,1.936781,-32.836442,60.223721,92.376687,61.202387,2023-01-30 18:00:00
-27.1294,-51.533949,39.037872,7.977204,6.304517,19.590033,94.723782,64.150468,2023-01-30 19:00:00
-27.132318,-51.549568,56.881858,7.306116,-44.277259,98.919892,40.291365,44.706861,2023-01-30 20:00:00
-27.216738,-51.540938,50.78484,2.052314,-39.688391,26.694497,86.868537,42.363548,2023-01-30 21:00:00
-27.192559,-51.509636,81.241265,2.60821,-33.886541,12.222531,3.320332,80.498853,2023-01-30 22:00:00
-27.143636,-51.478761,39.356446,3.897746,-32.843539,95.060967,38.57587,0.889242,2023-01-30 23:00:00
